{"cameraMode":{"drawMode":0,"name":"Shaded","section":"Shading Mode"},"sceneLighting":false,"audioPlay":false,"sceneViewState":{"m_AlwaysRefresh":false,"showFog":false,"showSkybox":false,"showFlares":false,"showImageEffects":false,"showParticleSystems":false,"showVisualEffectGraphs":true,"m_FxEnabled":true},"in2DMode":false,"pivot":{"x":-0.05606144666671753,"y":1.427300214767456,"z":0.09756499528884888},"rotation":{"x":0.07266415655612946,"y":0.1440015733242035,"z":-0.010603119619190693,"w":0.9868472218513489},"size":1.8088579177856446,"orthographic":false}