{"cameraMode":{"drawMode":0,"name":"Shaded","section":"Shading Mode"},"sceneLighting":false,"audioPlay":false,"sceneViewState":{"m_AlwaysRefresh":false,"showFog":true,"showSkybox":false,"showFlares":true,"showImageEffects":true,"showParticleSystems":true,"showVisualEffectGraphs":true,"m_FxEnabled":true},"in2DMode":false,"pivot":{"x":2.3511528968811037,"y":-1.4807014465332032,"z":20.47855567932129},"rotation":{"x":0.49961942434310915,"y":0.23288847506046296,"z":-0.1415063887834549,"w":0.8222633004188538},"size":31.271577835083009,"orthographic":false}