{"cameraMode":{"drawMode":0,"name":"Shaded","section":"Shading Mode"},"sceneLighting":false,"audioPlay":false,"sceneViewState":{"m_AlwaysRefresh":false,"showFog":false,"showSkybox":false,"showFlares":false,"showImageEffects":false,"showParticleSystems":false,"showVisualEffectGraphs":true,"m_FxEnabled":true},"in2DMode":false,"pivot":{"x":-0.018942028284072877,"y":0.8755306005477905,"z":0.05195045471191406},"rotation":{"x":0.07266415655612946,"y":0.1440015733242035,"z":-0.010603119619190693,"w":0.9868472218513489},"size":1.1651782989501954,"orthographic":false}